Workbook
Name Costo_Acumulado_Automatización_Vs_Manual: Graficos!$B$59
Name Horas_acumuladas_Automatización_Vs_Manual: Graficos!$B$41
Name PROYECCIÓN_TIEMPOS_Y_COSTOS_ACUMULADOS: Graficos!$B$3

Sheet ROI
B2: INFORMACIÓN GENERAL
E5: Datos generales | I5: Datos automatización | M5: Datos ejecución manual
B6: Orden de atención | C6: Nombre técnico | D6: Funcionalidad | E6: # Pantallas | F6: # Objetos | G6: # Casos o subprocesos de prueba diseñados | H6: Tiempo de Preparación de dato (todos los casos)(h) | I6: Esfuerzo estimado para automatizar (h) | J6: Tiempo de ejecución estimada por caso (min) | K6: Ejecución Estimada Total (h) | L6: Revisión Evidencias (h) | M6: Tiempo de ejecución estimada por caso (min) | N6: Ejecución Estimada Total (h)
D7: Promedios/Totales | E7: =SUM(E8:E11) -> 0 | F7: =SUM(F8:F11) -> 0 | G7: =SUM(G8:G11) -> 0 | H7: =SUM(H8:H11) -> 0 | I7: =SUM(I8:I11) -> 0 | J7: =SUM(J8:J11) -> 0 | K7: =SUM(K8:K11) -> 0 | L7: =SUM(L8:L11) -> 0 | ... N7: =SUM(N8:N11) -> 0
B8: 1 | D8: Funcionalidad 1 | K8: =G8*(J8/60) -> 0 | L8: =(G8*Parámetros!$B$1)*Parámetros!$B$2/60 -> 0 | N8: =G8*(M8/60) -> 0
D9: Funcionalidad 2 | K9: =G9*(J9/60) -> 0 | L9: =(G9*Parámetros!$B$1)*Parámetros!$B$2/60 -> 0 | N9: =G9*(M9/60) -> 0
D10: Funcionalidad 3 | K10: =G10*(J10/60) -> 0 | L10: =(G10*Parámetros!$B$1)*Parámetros!$B$2/60 -> 0 | N10: =G10*(M10/60) -> 0
D11: Funcionalidad 4 | K11: =G11*(J11/60) -> 0 | L11: =(G11*Parámetros!$B$1)*Parámetros!$B$2/60 -> 0 | N11: =G11*(M11/60) -> 0
B13: SUBTOTALES
B15: Actividades | E15: Párametros consolidados
B16: Valor Hora Pruebas MANUALES
B17: Valor Hora Pruebas AUTOMATIZACIÓN
B18: Cantidad de casos de prueba promedio | E18: =$G$7 -> 0
B19: Número de veces que se debe ejecutar el proceso | H19: Proyección Tiempos y Costos Acumulados
B20: Tiempo necesario para automatizar | E20: =$I$7 -> 0 | H20: Horas acumuladas Automatización Vs Manual
B21: Tiempo estimado para ejecutar una corrida de manera manual | E21: =$N$7 -> 0 | H21: Costo Acumulado Automatización Vs Manual
B22: Tiempo estimado para ejecutar una corrida de manera automática | E22: =$K$7 -> 0
B23: Tiempo necesario para preparar datos en cada corrida | E23: =$H$7 -> 0
B24: Tiempo estimado para revision de resultados despues de ejecutar el proceso automático | E24: =$L$7 -> 0
B25: Esfuerzo promedio requerido para mantenimiento de una funcionalidad (hrs)
N51: =Graficos!L22/Graficos!L20 -> #DIV/0!

Sheet Graficos
B3: PROYECCIÓN TIEMPOS Y COSTOS ACUMULADOS
E5: Sprint 1 | G5: Sprint 2 | I5: Sprint 3 | K5: Sprint 4 | M5: Sprint 5 | O5: Sprint 6 | Q5: Sprint 7
D6: Automatización Inicial | E6: Ejecución 1 | F6: Ejecución 2 | G6: Ejecución 3 | H6: Ejecución 4 | I6: Ejecución 5 | J6: Ejecución 6 | K6: Ejecución 7 | L6: Ejecución 8 | M6: Ejecución 9 | N6: Ejecución 10 | O6: Ejecución 11 | P6: Ejecución 12 | Q6: Ejecución 13 | R6: Ejecución 14
B7: Datos ejecución MANUAL | C7: Ejecución Manual (hrs) | D7: 0 | E7: =ROI!E21 -> 0 | F7: =E7 -> 0 | G7: =F7 -> 0 | H7: =G7 -> 0 | I7: =H7 -> 0 | J7: =I7 -> 0 | K7: =J7 -> 0 | L7: =K7 -> 0 | M7: =L7 -> 0 | ... R7: =Q7 -> 0
C8: Preparación de datos (hrs) | D8: 0 | E8: =ROI!H7 -> 0 | F8: =E8 -> 0 | G8: =F8 -> 0 | H8: =G8 -> 0 | I8: =H8 -> 0 | J8: =I8 -> 0 | K8: =J8 -> 0 | L8: =K8 -> 0 | M8: =L8 -> 0 | ... R8: =Q8 -> 0
C9: Acumulado Ejecución Manual (hrs) | D9: =D7+D8 -> 0 | E9: =D9+E7+E8 -> 0 | F9: =E9+F7+F8 -> 0 | G9: =F9+G7+G8 -> 0 | H9: =G9+H7+H8 -> 0 | I9: =H9+I7+I8 -> 0 | J9: =I9+J7+J8 -> 0 | K9: =J9+K7+K8 -> 0 | L9: =K9+L7+L8 -> 0 | ... R9: =Q9+R7+R8 -> 0
C10: Costo Acumulado Ejecución Manual (COP) | D10: =ROI!$E$16*D9 -> 0 | E10: =ROI!$E$16*E9 -> 0 | F10: =ROI!$E$16*F9 -> 0 | G10: =ROI!$E$16*G9 -> 0 | H10: =ROI!$E$16*H9 -> 0 | I10: =ROI!$E$16*I9 -> 0 | J10: =ROI!$E$16*J9 -> 0 | K10: =ROI!$E$16*K9 -> 0 | ... R10: =ROI!$E$16*R9 -> 0
B11: Datos ejecución AUTOMATIZADA | C11: Inversión inicial en automatización | D11: =ROI!E20 -> 0 | E11: =ROI!E25 -> 0 | F11: =E11 -> 0 | G11: =F11 -> 0 | H11: =G11 -> 0 | I11: =H11 -> 0 | J11: =I11 -> 0 | K11: =J11 -> 0 | L11: =K11 -> 0 | M11: =L11 -> 0 | ... R11: =Q11 -> 0
C12: Ejecución Automática (hrs) | D12: =ROI!E22 -> 0 | E12: =ROI!E22 -> 0 | F12: =E12 -> 0 | G12: =F12 -> 0 | H12: =G12 -> 0 | I12: =H12 -> 0 | J12: =I12 -> 0 | K12: =J12 -> 0 | L12: =K12 -> 0 | M12: =L12 -> 0 | ... R12: =Q12 -> 0
C13: Preparación de datos (RRHH) | D13: =ROI!E23 -> 0 | E13: =ROI!$H$7 -> 0 | F13: =E13 -> 0 | G13: =F13 -> 0 | H13: =G13 -> 0 | I13: =H13 -> 0 | J13: =I13 -> 0 | K13: =J13 -> 0 | L13: =K13 -> 0 | M13: =L13 -> 0 | ... R13: =Q13 -> 0
C14: Revisión de Evidencias (RRHH) | D14: =ROI!E24 -> 0 | E14: =ROI!L7 -> 0 | F14: =E14 -> 0 | G14: =F14 -> 0 | H14: =G14 -> 0 | I14: =H14 -> 0 | J14: =I14 -> 0 | K14: =J14 -> 0 | L14: =K14 -> 0 | M14: =L14 -> 0 | ... R14: =Q14 -> 0
C15: Acumulado Ejecución Automatización (hrs) | D15: =D11 -> 0 | E15: =$D$15+E13+SUM(E14,E11) -> 0 | F15: =E15+F13+SUM(F14,F11) -> 0 | G15: =F15+G13+SUM(G14,G11) -> 0 | H15: =G15+H13+SUM(H14,H11) -> 0 | I15: =H15+I13+SUM(I14,I11) -> 0 | J15: =I15+J13+SUM(J14,J11) -> 0 | K15: =J15+K13+SUM(K14,K11) -> 0 | L15: =K15+L13+SUM(L14,L11) -> 0 | M15: =L15+M13+SUM(M14,M11) -> 0 | ... R15: =Q15+R13+SUM(R14,R11) -> 0
C16: Costo Acumulado Ejecución Automatizada (COP) | D16: =ROI!$E$17*D15 -> 0 | E16: =ROI!$E$17*E15 -> 0 | F16: =ROI!$E$17*F15 -> 0 | G16: =ROI!$E$17*G15 -> 0 | H16: =ROI!$E$17*H15 -> 0 | I16: =ROI!$E$17*I15 -> 0 | J16: =ROI!$E$17*J15 -> 0 | K16: =ROI!$E$17*K15 -> 0 | ... R16: =ROI!$E$17*R15 -> 0
B17: COMPARATIVOS | C17: Delta acumulado (AUTOM - MAN) (hrs) | D17: =(D15-D9) -> 0 | E17: =$D$17+(E15-E9) -> 0 | F17: =$D$17+(F15-F9) -> 0 | G17: =$D$17+(G15-G9) -> 0 | H17: =$D$17+(H15-H9) -> 0 | I17: =$D$17+(I15-I9) -> 0 | J17: =$D$17+(J15-J9) -> 0 | K17: =$D$17+(K15-K9) -> 0 | L17: =$D$17+(L15-L9) -> 0 | ... R17: =$D$17+(R15-R9) -> 0
C18: Delta entre corridas MAN (hrs) | D18: 0 | E18: =E9-D9 -> 0 | F18: =F9-E9 -> 0 | G18: =G9-F9 -> 0 | H18: =H9-G9 -> 0 | I18: =I9-H9 -> 0 | J18: =J9-I9 -> 0 | K18: =K9-J9 -> 0 | L18: =L9-K9 -> 0 | ... R18: =R9-Q9 -> 0
C19: Delta entre corridas AUTO (hrs) | D19: 0 | E19: =E15-D15 -> 0 | F19: =F15-E15 -> 0 | G19: =G15-F15 -> 0 | H19: =H15-G15 -> 0 | I19: =I15-H15 -> 0 | J19: =J15-I15 -> 0 | K19: =K15-J15 -> 0
C20: Delta entre corridas MAN (COP) | D20: 0 | E20: =E10-D10 -> 0 | F20: =F10-E10 -> 0 | G20: =G10-F10 -> 0 | H20: =H10-G10 -> 0 | I20: =I10-H10 -> 0 | J20: =J10-I10 -> 0 | K20: =K10-J10 -> 0 | L20: =L10-K10 -> 0 | ... R20: =R10-Q10 -> 0
C21: Delta entre corridas AUTO (COP) | D21: 0 | E21: =E16-D16 -> 0 | F21: =F16-E16 -> 0 | G21: =G16-F16 -> 0 | H21: =H16-G16 -> 0 | I21: =I16-H16 -> 0 | J21: =J16-I16 -> 0 | K21: =K16-J16 -> 0 | L21: =L16-K16 -> 0 | ... R21: =R16-Q16 -> 0
C22: Ahorro en cada corrida (COP) | D22: 0 | E22: =E20-E21 -> 0 | F22: =F20-F21 -> 0 | G22: =G20-G21 -> 0 | H22: =H20-H21 -> 0 | I22: =I20-I21 -> 0 | J22: =J20-J21 -> 0 | K22: =K20-K21 -> 0 | L22: =L20-L21 -> 0 | ... R22: =R20-R21 -> 0
C23: Ahorro acumulado (COP) | D23: 0 | E23: =D23+E22 -> 0 | F23: =E23+F22 -> 0 | G23: =F23+G22 -> 0 | H23: =G23+H22 -> 0 | I23: =H23+I22 -> 0 | J23: =I23+J22 -> 0 | K23: =J23+K22 -> 0 | L23: =K23+L22 -> 0 | ... R23: =Q23+R22 -> 0
B41: Horas acumuladas Automatización Vs Manual
B59: Costo Acumulado Automatización Vs Manual

Sheet Parámetros
A1: Porcentaje de casos de prueba que demandarán una revisión exautiva de las evidencias | B1: 0.3
A2: Tiempo estimado para revision de evidencia de cada caso de prueba (min) | B2: 5
